Player_ID,Name,Most_Frequent_Role,Batting_Hand,Bowling_Skill,Total_Runs_Scored,Total_Matches_Played,Total_Dismissals,Batting_Average,Highest_Score_In_Single_Match,Matches_Scored_Over_30,Matches_Scored_Over_50,Matches_Scored_Over_100,Total_Balls_Faced,Strike_Rate,Total_Wickets_Taken,Economy_Rate,Best_Bowling_Performance
1,SC Ganguly,Captain,Left-hand bat,Right-arm medium,1303.0,57.0,52.0,25.0577,91.0,20.0,6.0,0.0,1291.0,100.9295,12.0,7.7838,3-1
2,BB McCullum,Player,Right-hand bat,Right-arm medium,2431.0,91.0,86.0,28.2674,158.0,35.0,13.0,1.0,1944.0,125.0514,,,
3,RT Ponting,Captain,Right-hand bat,Right-arm medium,91.0,10.0,9.0,10.1111,28.0,0.0,0.0,0.0,129.0,70.5426,,,
4,DJ Hussey,Player,Right-hand bat,Right-arm offbreak,1322.0,64.0,49.0,26.9796,71.0,19.0,4.0,0.0,1101.0,120.0727,10.0,8.8113,2-0
5,Mohammad Hafeez,Player,Right-hand bat,Right-arm offbreak,64.0,8.0,7.0,9.1429,16.0,0.0,0.0,0.0,84.0,76.1905,2.0,6.0000,1-0
6,R Dravid,Captain,Right-hand bat,Right-arm offbreak,2170.0,89.0,77.0,28.1818,75.0,32.0,11.0,0.0,1918.0,113.1387,,,
7,W Jaffer,Player,Right-hand bat,Right-arm offbreak,130.0,8.0,8.0,16.2500,50.0,2.0,0.0,0.0,129.0,100.7752,,,
8,V Kohli,Player,Right-hand bat,Right-arm medium,3987.0,134.0,105.0,37.9714,113.0,56.0,28.0,3.0,3133.0,127.2582,5.0,8.2646,2-0
9,JH Kallis,Player,Right-hand bat,Right-arm fast-medium,2414.0,97.0,84.0,28.7381,89.0,30.0,17.0,0.0,2274.0,106.1566,74.0,7.5657,3-0
10,CL White,Player,Right-hand bat,Legbreak googly,949.0,46.0,35.0,27.1143,78.0,13.0,6.0,0.0,758.0,125.1979,1.0,11.0455,1-0
11,MV Boucher,Keeper,Right-hand bat,Right-arm medium,394.0,31.0,14.0,28.1429,50.0,6.0,0.0,0.0,318.0,123.8994,,,
12,B Akhil,Player,Right-hand bat,Right-arm medium-fast,76.0,15.0,6.0,12.6667,27.0,0.0,0.0,0.0,57.0,133.3333,7.0,7.4603,2-0
13,AA Noffke,Player,Right-hand bat,Right-arm fast-medium,9.0,1.0,1.0,9.0000,9.0,0.0,0.0,0.0,12.0,75.0000,1.0,8.7500,1-0
14,P Kumar,Player,Right-hand bat,Right-arm medium,332.0,113.0,37.0,8.9730,34.0,1.0,0.0,0.0,314.0,105.7325,96.0,7.2637,3-0
15,Z Khan,Player,Right-hand bat,Left-arm fast-medium,113.0,87.0,13.0,8.6923,23.0,0.0,0.0,0.0,128.0,88.2813,107.0,7.2579,4-0
16,SB Joshi,Player,Left-hand bat,Slow left-arm orthodox,6.0,4.0,2.0,3.0000,3.0,0.0,0.0,0.0,16.0,37.5000,1.0,8.9455,1-0
17,PA Patel,Keeper,Left-hand bat,Right-arm medium,1868.0,101.0,88.0,21.2273,81.0,20.0,7.0,0.0,1688.0,110.6635,,,
18,ML Hayden,Player,Left-hand bat,Right-arm medium,1074.0,31.0,29.0,37.0345,93.0,15.0,8.0,0.0,813.0,132.1033,,,
19,MEK Hussey,Player,Left-hand bat,Right-arm medium,1977.0,59.0,51.0,38.7647,116.0,28.0,16.0,1.0,1648.0,119.9636,,,
20,MS Dhoni,CaptainKeeper,Right-hand bat,Right-arm medium,3270.0,142.0,83.0,39.3976,70.0,40.0,16.0,0.0,2419.0,135.1798,,,
21,SK Raina,Player,Left-hand bat,Right-arm offbreak,4083.0,145.0,121.0,33.7438,100.0,54.0,28.0,0.0,3043.0,134.1768,29.0,7.1341,2-0
22,JDP Oram,Player,Left-hand bat,Right-arm fast-medium,106.0,18.0,8.0,13.2500,41.0,1.0,0.0,0.0,110.0,96.3636,13.0,8.5500,3-0
23,S Badrinath,Player,Right-hand bat,Right-arm offbreak,1439.0,93.0,46.0,31.2826,71.0,21.0,11.0,0.0,1243.0,115.7683,,,
24,K Goel,Player,Left-hand bat,Right-arm offbreak,218.0,22.0,15.0,14.5333,38.0,1.0,0.0,0.0,239.0,91.2134,,8.3636,
25,JR Hopes,Player,Right-hand bat,Right-arm medium,417.0,20.0,16.0,26.0625,71.0,4.0,4.0,0.0,314.0,132.8025,14.0,8.9833,2-0
26,KC Sangakkara,CaptainKeeper,Left-hand bat,Right-arm offbreak,1656.0,69.0,63.0,26.2857,94.0,22.0,9.0,0.0,1391.0,119.0510,,,
27,Yuvraj Singh,Player,Left-hand bat,Slow left-arm orthodox,2281.0,105.0,90.0,25.3444,83.0,29.0,9.0,0.0,1825.0,124.9863,36.0,7.2174,4-0
28,SM Katich,Player,Left-hand bat,Slow left-arm chinaman,237.0,11.0,10.0,23.7000,75.0,3.0,1.0,0.0,191.0,124.0838,,,
29,IK Pathan,Player,Left-hand bat,Left-arm medium-fast,1079.0,99.0,51.0,21.1569,60.0,8.0,1.0,0.0,938.0,115.0320,96.0,7.4362,3-0
30,T Kohli,Player,Right-hand bat,Right-arm medium,11.0,4.0,3.0,3.6667,7.0,0.0,0.0,0.0,20.0,55.0000,,,
31,YK Pathan,Player,Right-hand bat,Right-arm offbreak,2719.0,133.0,89.0,30.5506,100.0,33.0,13.0,0.0,1927.0,141.1002,44.0,7.1050,3-0
32,SR Watson,Player,Right-hand bat,Right-arm fast-medium,2469.0,91.0,76.0,32.4868,104.0,33.0,15.0,2.0,1803.0,136.9384,94.0,7.2696,4-0
33,M Kaif,Player,Right-hand bat,Right-arm offbreak,245.0,28.0,17.0,14.4118,34.0,2.0,0.0,0.0,241.0,101.6598,,,
34,DS Lehmann,Player,Left-hand bat,Slow left-arm orthodox,18.0,2.0,2.0,9.0000,17.0,0.0,0.0,0.0,19.0,94.7368,,,
36,M Rawat,Keeper,Right-hand bat,Right-arm medium,55.0,17.0,5.0,11.0000,23.0,0.0,0.0,0.0,70.0,78.5714,,,
37,D Salunkhe,Player,Right-hand bat,Legbreak,33.0,6.0,2.0,16.5000,26.0,0.0,0.0,0.0,24.0,137.5000,1.0,8.7500,1-0
38,SK Warne,Captain,Right-hand bat,Legbreak googly,196.0,54.0,20.0,9.8000,34.0,1.0,0.0,0.0,217.0,90.3226,58.0,7.1026,4-0
39,SK Trivedi,Player,Right-hand bat,Right-arm medium,42.0,76.0,7.0,6.0000,9.0,0.0,0.0,0.0,61.0,68.8525,73.0,7.2299,4-0
40,G Gambhir,Captain,Left-hand bat,Legbreak,3589.0,130.0,118.0,30.4153,93.0,49.0,29.0,0.0,2983.0,120.3151,,,
41,V Sehwag,Captain,Right-hand bat,Right-arm offbreak,2702.0,102.0,97.0,27.8557,122.0,31.0,17.0,2.0,1806.0,149.6124,6.0,10.2044,2-0
42,S Dhawan,Player,Left-hand bat,Right-arm offbreak,3082.0,113.0,96.0,32.1042,95.0,42.0,20.0,0.0,2622.0,117.5439,4.0,7.9592,1-0
43,L Ronchi,Keeper,Right-hand bat,Right-arm medium,34.0,5.0,5.0,6.8000,13.0,0.0,0.0,0.0,37.0,91.8919,,,
44,ST Jayasuriya,Player,Left-hand bat,Slow left-arm orthodox,768.0,30.0,28.0,27.4286,114.0,9.0,5.0,1.0,573.0,134.0314,16.0,7.6531,4-0
45,DJ Thornely,Player,Right-hand bat,Right-arm medium,39.0,6.0,3.0,13.0000,30.0,0.0,0.0,0.0,54.0,72.2222,3.0,5.4286,2-0
46,RV Uthappa,Keeper,Right-hand bat,Right-arm medium,3390.0,133.0,114.0,29.7368,83.0,48.0,16.0,0.0,2720.0,124.6324,,,
47,PR Shah,Keeper,Right-hand bat,Right-arm medium,92.0,16.0,8.0,11.5000,29.0,0.0,0.0,0.0,96.0,95.8333,,,
48,AM Nayar,Player,Left-hand bat,Right-arm medium,672.0,60.0,38.0,17.6842,45.0,6.0,0.0,0.0,588.0,114.2857,9.0,8.1485,3-0
49,SM Pollock,Player,Right-hand bat,Right-arm fast-medium,147.0,13.0,8.0,18.3750,33.0,2.0,0.0,0.0,116.0,126.7241,13.0,6.4565,4-0
50,Harbhajan Singh,Player,Right-hand bat,Right-arm offbreak,783.0,125.0,49.0,15.9796,64.0,5.0,1.0,0.0,574.0,136.4111,128.0,6.7659,5-0
51,S Chanderpaul,Player,Left-hand bat,Legbreak,25.0,3.0,3.0,8.3333,16.0,0.0,0.0,0.0,33.0,75.7576,,,
52,LRPL Taylor,Player,Right-hand bat,Right-arm offbreak,1017.0,55.0,40.0,25.4250,81.0,11.0,3.0,0.0,847.0,120.0708,,11.5000,
53,AC Gilchrist,CaptainKeeper,Left-hand bat,Right-arm offbreak,2069.0,80.0,76.0,27.2237,109.0,26.0,12.0,2.0,1554.0,133.1403,1.0,0.0000,1-0
54,Y Venugopal Rao,Player,Right-hand bat,Right-arm offbreak,985.0,64.0,44.0,22.3864,71.0,10.0,3.0,0.0,864.0,114.0046,7.0,9.1389,2-0
55,VVS Laxman,Player,Right-hand bat,Right-arm offbreak,282.0,20.0,19.0,14.8421,52.0,4.0,1.0,0.0,271.0,104.0590,,,
56,A Symonds,Player,Right-hand bat,Right-arm offbreak,974.0,39.0,27.0,36.0741,117.0,13.0,5.0,1.0,781.0,124.7119,23.0,7.4545,3-0
57,RG Sharma,Player,Right-hand bat,Right-arm offbreak,3874.0,142.0,115.0,33.6870,109.0,51.0,25.0,1.0,2996.0,129.3057,16.0,7.6807,4-0
58,SB Styris,Player,Right-hand bat,Right-arm medium,131.0,12.0,7.0,18.7143,36.0,1.0,0.0,0.0,134.0,97.7612,9.0,7.5000,3-0
59,SB Bangar,Player,Right-hand bat,Right-arm medium-fast,47.0,11.0,6.0,7.8333,17.0,0.0,0.0,0.0,49.0,95.9184,6.0,8.4800,2-0
60,WPUJC Vaas,Player,Left-hand bat,Left-arm fast-medium,81.0,13.0,8.0,10.1250,20.0,0.0,0.0,0.0,73.0,110.9589,22.0,7.2887,3-0
61,RP Singh,Player,Right-hand bat,Left-arm fast-medium,52.0,81.0,15.0,3.4667,10.0,0.0,0.0,0.0,78.0,66.6667,100.0,7.3709,5-0
62,WP Saha,Keeper,Right-hand bat,Right-arm medium,1304.0,88.0,50.0,26.0800,115.0,14.0,6.0,1.0,1017.0,128.2203,,,
63,LR Shukla,Player,Right-hand bat,Right-arm medium,386.0,46.0,26.0,14.8462,48.0,3.0,0.0,0.0,345.0,111.8841,17.0,8.1456,3-0
64,DPMD Jayawardene,Player,Right-hand bat,Right-arm medium,1771.0,78.0,61.0,29.0328,110.0,22.0,11.0,1.0,1484.0,119.3396,,,
65,S Sohal,Player,Right-hand bat,Legbreak,368.0,22.0,20.0,18.4000,62.0,5.0,2.0,0.0,311.0,118.3280,,,
66,B Lee,Player,Right-hand bat,Right-arm fast,124.0,38.0,10.0,12.4000,25.0,0.0,0.0,0.0,102.0,121.5686,30.0,6.9933,3-0
67,PP Chawla,Player,Left-hand bat,Legbreak,505.0,121.0,40.0,12.6250,24.0,0.0,0.0,0.0,456.0,110.7456,126.0,7.3990,4-0
68,WA Mota,Player,Right-hand bat,Right-arm medium,56.0,12.0,6.0,9.3333,25.0,0.0,0.0,0.0,76.0,73.6842,4.0,7.7260,1-0
69,Kamran Akmal,Keeper,Right-hand bat,Right-arm medium,128.0,6.0,5.0,25.6000,53.0,1.0,1.0,0.0,78.0,164.1026,,,
70,Shahid Afridi,Player,Right-hand bat,Legbreak googly,81.0,10.0,8.0,10.1250,33.0,1.0,0.0,0.0,46.0,176.0870,9.0,7.2928,3-0
71,DJ Bravo,Player,Right-hand bat,Right-arm medium-fast,1262.0,105.0,55.0,22.9455,70.0,11.0,3.0,0.0,1032.0,122.2868,137.0,7.7909,4-0
72,MA Khote,Player,Right-hand bat,Right-arm medium,24.0,4.0,2.0,12.0000,9.0,0.0,0.0,0.0,22.0,109.0909,2.0,10.2000,2-0
73,A Nehra,Player,Right-hand bat,Left-arm medium-fast,41.0,81.0,7.0,5.8571,22.0,0.0,0.0,0.0,63.0,65.0794,110.0,7.4661,5-2
74,GC Smith,Player,Left-hand bat,Right-arm offbreak,724.0,28.0,25.0,28.9600,91.0,8.0,4.0,0.0,669.0,108.2212,,,
75,Pankaj Singh,Player,Right-hand bat,Right-arm medium-fast,7.0,17.0,2.0,3.5000,4.0,0.0,0.0,0.0,12.0,58.3333,11.0,9.0000,2-0
76,RR Sarwan,Player,Right-hand bat,Legbreak,73.0,4.0,4.0,18.2500,31.0,1.0,0.0,0.0,78.0,93.5897,,,
77,S Sreesanth,Player,Right-hand bat,Right-arm fast-medium,34.0,44.0,4.0,8.5000,15.0,0.0,0.0,0.0,57.0,59.6491,43.0,7.3724,3-0
78,VRV Singh,Player,Right-hand bat,Right-arm medium-fast,4.0,19.0,2.0,2.0000,4.0,0.0,0.0,0.0,3.0,133.3333,16.0,8.7527,3-0
79,SS Tiwary,Player,Left-hand bat,Right-arm medium,1205.0,78.0,44.0,27.3864,61.0,13.0,6.0,0.0,1055.0,114.2180,,,
80,DS Kulkarni,Player,Right-hand bat,Right-arm medium,89.0,65.0,7.0,12.7143,28.0,0.0,0.0,0.0,99.0,89.8990,77.0,7.3778,4-0
81,R Vinay Kumar,Player,Right-hand bat,Right-arm medium,296.0,98.0,26.0,11.3846,26.0,0.0,0.0,0.0,279.0,106.0932,117.0,8.0898,5-0
82,AB Agarkar,Player,Right-hand bat,Right-arm fast,178.0,41.0,10.0,17.8000,39.0,1.0,0.0,0.0,159.0,111.9497,33.0,8.4000,3-0
83,M Kartik,Player,Left-hand bat,Slow left-arm orthodox,111.0,55.0,7.0,15.8571,21.0,0.0,0.0,0.0,107.0,103.7383,38.0,6.9377,4-0
84,I Sharma,Player,Right-hand bat,Right-arm fast-medium,36.0,68.0,3.0,12.0000,9.0,0.0,0.0,0.0,45.0,80.0000,54.0,7.5510,5-0
85,AM Rahane,Player,Right-hand bat,Right-arm medium,2529.0,92.0,74.0,34.1757,103.0,32.0,22.0,1.0,2160.0,117.0833,1.0,5.0000,1-0
86,Shoaib Malik,Player,Right-hand bat,Right-arm offbreak,52.0,7.0,4.0,13.0000,24.0,0.0,0.0,0.0,49.0,106.1224,2.0,8.8846,1-0
87,MK Tiwary,Player,Right-hand bat,Legbreak googly,1324.0,78.0,46.0,28.7826,75.0,16.0,4.0,0.0,1202.0,110.1498,1.0,11.8333,1-0
88,KD Karthik,Keeper,Right-hand bat,Right-arm medium,2515.0,136.0,106.0,23.7264,86.0,31.0,11.0,0.0,2073.0,121.3218,,,
89,R Bhatia,Player,Right-hand bat,Right-arm medium-fast,326.0,91.0,29.0,11.2414,26.0,0.0,0.0,0.0,273.0,119.4139,79.0,7.2433,4-0
90,MF Maharoof,Player,Right-hand bat,Right-arm fast-medium,177.0,20.0,10.0,17.7000,39.0,1.0,0.0,0.0,124.0,142.7419,33.0,6.9741,4-1
91,VY Mahesh,Player,Right-hand bat,Right-arm medium-fast,15.0,17.0,2.0,7.5000,6.0,0.0,0.0,0.0,28.0,53.5714,22.0,8.1709,5-1
92,TM Srivastava,Player,Left-hand bat,Right-arm medium,8.0,7.0,1.0,8.0000,7.0,0.0,0.0,0.0,11.0,72.7273,,,
93,B Chipli,Player,Right-hand bat,Right-arm medium,280.0,23.0,15.0,18.6667,61.0,2.0,1.0,0.0,256.0,109.3750,,20.0000,
94,DW Steyn,Player,Right-hand bat,Right-arm fast,163.0,89.0,22.0,7.4091,19.0,0.0,0.0,0.0,158.0,103.1646,99.0,6.3276,3-0
95,DB Das,Player,Right-hand bat,Legbreak googly,304.0,31.0,14.0,21.7143,35.0,2.0,0.0,0.0,267.0,113.8577,,,
96,MK Pandey,Player,Right-hand bat,Right-arm medium,1800.0,87.0,69.0,26.0870,114.0,22.0,7.0,1.0,1571.0,114.5767,,,
97,HH Gibbs,Player,Right-hand bat,Right-arm bowler,886.0,36.0,32.0,27.6875,69.0,11.0,5.0,0.0,837.0,105.8542,,,
98,DNT Zoysa,Player,Left-hand bat,Left-arm fast-medium,11.0,3.0,1.0,11.0000,10.0,0.0,0.0,0.0,9.0,122.2222,2.0,8.4706,1-0
99,D Kalyankrishna,Player,Right-hand bat,Right-arm medium-fast,3.0,3.0,1.0,3.0000,3.0,0.0,0.0,0.0,8.0,37.5000,2.0,10.6250,1-0
100,SE Marsh,Player,Left-hand bat,Slow left-arm orthodox,2148.0,61.0,53.0,40.5283,115.0,32.0,18.0,1.0,1670.0,128.6228,,,
101,SA Asnodkar,Player,Right-hand bat,Right-arm offbreak,423.0,20.0,20.0,21.1500,60.0,7.0,1.0,0.0,352.0,120.1705,,,
102,Sohail Tanvir,Player,Left-hand bat,Left-arm medium-fast,36.0,11.0,3.0,12.0000,13.0,0.0,0.0,0.0,31.0,116.1290,24.0,5.9516,6-0
103,Salman Butt,Player,Left-hand bat,Right-arm offbreak,193.0,7.0,7.0,27.5714,73.0,2.0,1.0,0.0,172.0,112.2093,,,
104,BJ Hodge,Player,Right-hand bat,Right-arm offbreak,1395.0,65.0,41.0,34.0244,73.0,21.0,5.0,0.0,1146.0,121.7277,18.0,7.5385,5-0
105,Umar Gul,Player,Right-hand bat,Right-arm fast-medium,39.0,6.0,3.0,13.0000,24.0,0.0,0.0,0.0,19.0,205.2632,14.0,7.0638,4-0
106,AB Dinda,Player,Right-hand bat,Right-arm medium-fast,19.0,73.0,9.0,2.1111,6.0,0.0,0.0,0.0,42.0,45.2381,80.0,7.5205,4-0
107,SP Fleming,Player,Left-hand bat,Right-arm medium,196.0,10.0,9.0,21.7778,45.0,3.0,0.0,0.0,171.0,114.6199,,,
108,S Vidyut,Player,Left-hand bat,Slow left-arm orthodox,145.0,9.0,8.0,18.1250,54.0,2.0,1.0,0.0,115.0,126.0870,1.0,10.5000,1-0
109,JA Morkel,Player,Left-hand bat,Right-arm medium-fast,962.0,89.0,40.0,24.0500,73.0,5.0,3.0,0.0,699.0,137.6252,93.0,7.7490,4-0
110,AB de Villiers,Player,Right-hand bat,Right-arm medium,3161.0,116.0,81.0,39.0247,133.0,40.0,20.0,3.0,2148.0,147.1601,,,
111,LPC Silva,Player,Right-hand bat,Legbreak,40.0,3.0,2.0,20.0000,23.0,0.0,0.0,0.0,27.0,148.1481,,21.0000,
112,DB Ravi Teja,Player,Right-hand bat,Legbreak googly,375.0,32.0,19.0,19.7368,60.0,3.0,1.0,0.0,325.0,115.3846,1.0,9.3333,1-0
113,Misbah-ul-Haq,Player,Right-hand bat,Legbreak,117.0,8.0,7.0,16.7143,47.0,2.0,0.0,0.0,82.0,142.6829,,,
114,YV Takawale,Keeper,Right-hand bat,Right-arm medium,192.0,16.0,8.0,24.0000,45.0,2.0,0.0,0.0,183.0,104.9180,,,
115,RR Raje,Player,Right-hand bat,Right-arm fast-medium,20.0,10.0,1.0,20.0000,11.0,0.0,0.0,0.0,18.0,111.1111,7.0,8.5714,2-0
116,PJ Sangwan,Player,Right-hand bat,Left-arm medium,22.0,33.0,4.0,5.5000,6.0,0.0,0.0,0.0,32.0,68.7500,35.0,7.9768,3-0
117,Mohammad Asif,Player,Left-hand bat,Right-arm fast-medium,3.0,8.0,2.0,1.5000,3.0,0.0,0.0,0.0,6.0,50.0000,9.0,8.9845,2-0
118,GD McGrath,Player,Right-hand bat,Right-arm fast-medium,4.0,14.0,1.0,4.0000,4.0,0.0,0.0,0.0,5.0,80.0000,14.0,6.4985,4-0
119,Joginder Sharma,Player,Right-hand bat,Right-arm fast-medium,36.0,16.0,4.0,9.0000,16.0,0.0,0.0,0.0,30.0,120.0000,13.0,9.1711,2-0
120,MS Gony,Player,Right-hand bat,Right-arm medium,97.0,42.0,9.0,10.7778,42.0,1.0,0.0,0.0,69.0,140.5797,39.0,8.2166,3-0
121,M Muralitharan,Player,Right-hand bat,Right-arm offbreak,20.0,64.0,6.0,3.3333,6.0,0.0,0.0,0.0,30.0,66.6667,62.0,6.4693,4-0
122,M Ntini,Player,Right-hand bat,Right-arm fast,11.0,9.0,1.0,11.0000,11.0,0.0,0.0,0.0,19.0,57.8947,8.0,6.7359,4-0
123,DT Patil,Keeper,Right-hand bat,Right-arm medium,13.0,2.0,2.0,6.5000,9.0,0.0,0.0,0.0,13.0,100.0000,,,
124,A Kumble,Captain,Right-hand bat,Legbreak googly,35.0,42.0,3.0,11.6667,8.0,0.0,0.0,0.0,49.0,71.4286,49.0,6.3526,5-0
125,S Anirudha,Player,Right-hand bat,Right-arm medium,136.0,20.0,8.0,17.0000,64.0,1.0,1.0,0.0,121.0,112.3967,,,
126,MM Patel,Player,Right-hand bat,Right-arm medium-fast,39.0,60.0,5.0,7.8000,23.0,0.0,0.0,0.0,40.0,97.5000,80.0,7.2330,5-0
127,CK Kapugedera,Player,Right-hand bat,Right-arm medium,16.0,5.0,3.0,5.3333,8.0,0.0,0.0,0.0,24.0,66.6667,,17.2941,
128,A Chopra,Player,Right-hand bat,Right-arm offbreak,53.0,7.0,6.0,8.8333,24.0,0.0,0.0,0.0,75.0,70.6667,,,
129,T Taibu,Player,Right-hand bat,Right-arm medium,31.0,3.0,3.0,10.3333,15.0,0.0,0.0,0.0,26.0,119.2308,,,
130,J Arunkumar,Player,Right-hand bat,Right-arm offbreak,23.0,3.0,3.0,7.6667,22.0,0.0,0.0,0.0,24.0,95.8333,,,
131,PP Ojha,Player,Left-hand bat,Slow left-arm orthodox,16.0,92.0,12.0,1.3333,3.0,0.0,0.0,0.0,45.0,35.5556,99.0,7.1063,4-0
132,SP Goswami,Keeper,Left-hand bat,Right-arm medium,241.0,23.0,15.0,16.0667,52.0,2.0,1.0,0.0,260.0,92.6923,,,
133,SR Tendulkar,Captain,Right-hand bat,Right-arm offbreak,2329.0,78.0,69.0,33.7536,100.0,35.0,13.0,0.0,2043.0,113.9990,,9.5000,
134,U Kaul,Keeper,Left-hand bat,Right-arm medium,0.0,5.0,,,0.0,0.0,0.0,0.0,1.0,0.0000,,,
135,TM Dilshan,Player,Right-hand bat,Right-arm offbreak,1154.0,50.0,42.0,27.4762,76.0,17.0,9.0,0.0,1037.0,111.2825,5.0,7.8876,1-0
136,A Mishra,Player,Right-hand bat,Legbreak,291.0,111.0,27.0,10.7778,31.0,1.0,0.0,0.0,326.0,89.2638,131.0,7.0569,5-0
137,AD Mascarenhas,Player,Right-hand bat,Right-arm fast-medium,52.0,12.0,8.0,6.5000,9.0,0.0,0.0,0.0,51.0,101.9608,18.0,6.8211,5-0
138,NK Patel,Player,Left-hand bat,Right-arm medium,121.0,9.0,4.0,30.2500,57.0,2.0,1.0,0.0,124.0,97.5806,,,
139,LA Pomersbach,Player,Left-hand bat,Right-arm offbreak,302.0,17.0,11.0,27.4545,79.0,3.0,1.0,0.0,251.0,120.3187,,,
140,Iqbal Abdulla,Player,Left-hand bat,Slow left-arm orthodox,83.0,46.0,2.0,41.5000,33.0,1.0,0.0,0.0,79.0,105.0633,43.0,6.9205,3-0
141,Younis Khan,Player,Right-hand bat,Right-arm medium,3.0,1.0,1.0,3.0000,3.0,0.0,0.0,0.0,7.0,42.8571,,,
142,PM Sarvesh Kumar,Player,Right-hand bat,Right-arm medium,1.0,2.0,,,1.0,0.0,0.0,0.0,2.0,50.0000,1.0,8.2000,1-0
143,DP Vijaykumar,Player,Right-hand bat,Right-arm medium,1.0,9.0,,,1.0,0.0,0.0,0.0,1.0,100.0000,4.0,7.4805,1-0
144,Shoaib Akhtar,Player,Right-hand bat,Right-arm fast,2.0,3.0,1.0,2.0000,2.0,0.0,0.0,0.0,8.0,25.0000,5.0,7.1429,4-0
145,Abdur Razzak,Player,Left-hand bat,Slow left-arm orthodox,0.0,1.0,,,0.0,0.0,0.0,0.0,2.0,0.0000,,10.6154,
146,H Das,Player,Right-hand bat,Right-arm medium,2.0,1.0,1.0,2.0000,2.0,0.0,0.0,0.0,5.0,40.0000,,,
147,DR Smith,Player,Right-hand bat,Right-arm medium,2146.0,79.0,73.0,29.3973,87.0,31.0,13.0,0.0,1645.0,130.4559,25.0,8.2968,4-0
148,SD Chitnis,Player,Right-hand bat,Right-arm offbreak,99.0,11.0,7.0,14.1429,38.0,1.0,0.0,0.0,92.0,107.6087,2.0,9.0000,2-0
149,CRD Fernando,Player,Right-hand bat,Right-arm fast-medium,4.0,10.0,,,2.0,0.0,0.0,0.0,3.0,133.3333,19.0,7.0336,5-0
150,VS Yeligati,Player,Right-hand bat,Right-arm offbreak,2.0,2.0,1.0,2.0000,2.0,0.0,0.0,0.0,2.0,100.0000,,10.6000,
151,L Balaji,Player,Right-hand bat,Right-arm medium-fast,36.0,72.0,8.0,4.5000,15.0,0.0,0.0,0.0,50.0,72.0000,83.0,7.6653,5-0
152,A Mukund,Player,Left-hand bat,Legbreak googly,19.0,3.0,2.0,9.5000,19.0,0.0,0.0,0.0,23.0,82.6087,,,
153,RR Powar,Player,Right-hand bat,Right-arm offbreak,65.0,26.0,3.0,21.6667,28.0,0.0,0.0,0.0,63.0,103.1746,14.0,7.1642,2-0
154,JP Duminy,Player,Left-hand bat,Right-arm offbreak,1926.0,76.0,50.0,38.5200,78.0,25.0,13.0,0.0,1590.0,121.1321,23.0,6.9009,4-0
155,A Flintoff,Player,Right-hand bat,Right-arm fast-medium,62.0,3.0,2.0,31.0000,24.0,0.0,0.0,0.0,57.0,108.7719,2.0,9.5455,1-0
156,T Thushara,Player,Left-hand bat,Left-arm fast-medium,12.0,6.0,2.0,6.0000,8.0,0.0,0.0,0.0,19.0,63.1579,10.0,6.6569,4-1
157,JD Ryder,Player,Left-hand bat,Right-arm medium,604.0,29.0,28.0,21.5714,86.0,8.0,4.0,0.0,466.0,129.6137,11.0,7.5190,3-0
158,KP Pietersen,Player,Right-hand bat,Right-arm offbreak,1001.0,36.0,28.0,35.7500,103.0,15.0,4.0,1.0,758.0,132.0580,9.0,6.9101,2-0
159,T Henderson,Player,Right-hand bat,Right-arm fast-medium,11.0,2.0,2.0,5.5000,11.0,0.0,0.0,0.0,16.0,68.7500,1.0,6.6667,1-0
160,Kamran Khan,Player,Left-hand bat,Left-arm medium-fast,3.0,8.0,1.0,3.0000,3.0,0.0,0.0,0.0,5.0,60.0000,9.0,8.7153,4-0
161,RS Bopara,Player,Right-hand bat,Right-arm medium,530.0,23.0,17.0,31.1765,84.0,6.0,3.0,0.0,460.0,115.2174,13.0,8.0388,3-0
162,CH Gayle,Player,Left-hand bat,Right-arm offbreak,3356.0,86.0,75.0,44.7467,175.0,40.0,25.0,5.0,2288.0,146.6783,19.0,7.4595,3-0
163,MC Henriques,Player,Right-hand bat,Right-arm fast-medium,648.0,44.0,27.0,24.0000,74.0,5.0,2.0,0.0,524.0,123.6641,38.0,7.8930,3-0
164,R Bishnoi,Player,Right-hand bat,Right-arm medium-fast,19.0,3.0,3.0,6.3333,18.0,0.0,0.0,0.0,17.0,111.7647,,,
165,FH Edwards,Player,Right-hand bat,Right-arm fast,4.0,6.0,1.0,4.0000,3.0,0.0,0.0,0.0,5.0,80.0000,6.0,6.1277,2-0
166,KV Sharma,Player,Left-hand bat,Legbreak googly,268.0,47.0,15.0,17.8667,39.0,2.0,0.0,0.0,243.0,110.2881,41.0,7.7788,5-0
167,PC Valthaty,Player,Right-hand bat,Right-arm medium,496.0,22.0,21.0,23.6190,120.0,5.0,3.0,1.0,425.0,116.7059,7.0,7.9073,4-0
168,RJ Quiney,Player,Left-hand bat,Right-arm medium,97.0,6.0,6.0,16.1667,51.0,1.0,1.0,0.0,103.0,94.1748,,,
169,AS Raut,Player,Right-hand bat,Legbreak googly,173.0,21.0,9.0,19.2222,36.0,2.0,0.0,0.0,155.0,111.6129,,8.8000,
170,Yashpal Singh,Player,Right-hand bat,Right-arm medium,27.0,7.0,3.0,9.0000,13.0,0.0,0.0,0.0,49.0,55.1020,,,
171,M Manhas,Player,Right-hand bat,Right-arm offbreak,514.0,55.0,23.0,22.3478,42.0,5.0,0.0,0.0,486.0,105.7613,,6.0000,
172,AA Bilakhia,Player,Right-hand bat,Right-arm medium,69.0,7.0,5.0,13.8000,22.0,0.0,0.0,0.0,88.0,78.4091,,,
173,AN Ghosh,Player,Right-hand bat,Right-arm medium,7.0,2.0,2.0,3.5000,7.0,0.0,0.0,0.0,8.0,87.5000,,,
174,BAW Mendis,Player,Right-hand bat,Right-arm offbreak,3.0,9.0,2.0,1.5000,2.0,0.0,0.0,0.0,6.0,50.0000,7.0,7.1613,2-0
175,DL Vettori,Captain,Left-hand bat,Slow left-arm orthodox,121.0,34.0,8.0,15.1250,29.0,0.0,0.0,0.0,118.0,102.5424,34.0,6.7009,5-0
176,MN van Wyk,Keeper,Right-hand bat,Slow left-arm orthodox,167.0,5.0,3.0,55.6667,74.0,3.0,1.0,0.0,135.0,123.7037,,,
177,RE van der Merwe,Player,Right-hand bat,Slow left-arm orthodox,159.0,21.0,11.0,14.4545,35.0,2.0,0.0,0.0,144.0,110.4167,25.0,6.5824,3-0
178,TL Suman,Player,Right-hand bat,Right-arm offbreak,676.0,43.0,32.0,21.1250,78.0,6.0,2.0,0.0,587.0,115.1618,7.0,7.6974,2-0
179,Shoaib Ahmed,Player,Right-hand bat,Right-arm fast-medium,1.0,8.0,2.0,0.5000,1.0,0.0,0.0,0.0,6.0,16.6667,5.0,8.8824,2-0
180,GR Napier,Player,Right-hand bat,Right-arm medium,15.0,1.0,1.0,15.0000,15.0,0.0,0.0,0.0,16.0,93.7500,1.0,6.7500,1-0
181,KP Appanna,Player,Right-hand bat,Slow left-arm orthodox,2.0,13.0,1.0,2.0000,1.0,0.0,0.0,0.0,4.0,50.0000,11.0,7.5475,4-0
182,LA Carseldine,Player,Left-hand bat,Left-arm medium,81.0,5.0,4.0,20.2500,39.0,1.0,0.0,0.0,71.0,114.0845,1.0,5.0000,1-0
183,NV Ojha,Keeper,Right-hand bat,Right-arm medium,1466.0,97.0,69.0,21.2464,94.0,10.0,6.0,0.0,1266.0,115.7978,,,
184,SM Harwood,Player,Right-hand bat,Right-arm fast-medium,9.0,3.0,,,6.0,0.0,0.0,0.0,14.0,64.2857,3.0,6.1000,2-0
185,M Vijay,Player,Right-hand bat,Right-arm offbreak,2490.0,98.0,93.0,26.7742,127.0,35.0,13.0,2.0,2070.0,120.2899,,8.0000,
186,SB Jakati,Player,Left-hand bat,Slow left-arm orthodox,28.0,57.0,1.0,28.0000,13.0,0.0,0.0,0.0,30.0,93.3333,50.0,7.7960,4-0
187,DA Warner,Player,Left-hand bat,Legbreak,3339.0,98.0,86.0,38.8256,109.0,47.0,34.0,2.0,2415.0,138.2609,,,
188,RJ Harris,Player,Right-hand bat,Right-arm fast,117.0,37.0,12.0,9.7500,17.0,0.0,0.0,0.0,112.0,104.4643,47.0,7.1627,4-0
189,D du Preez,Player,Right-hand bat,Right-arm fast-medium,10.0,2.0,1.0,10.0000,10.0,0.0,0.0,0.0,13.0,76.9231,4.0,7.6744,3-0
190,M Morkel,Player,Left-hand bat,Right-arm fast,126.0,68.0,11.0,11.4545,23.0,0.0,0.0,0.0,93.0,135.4839,85.0,7.2486,4-0
191,AD Mathews,Player,Right-hand bat,Right-arm fast-medium,691.0,45.0,28.0,24.6786,65.0,6.0,1.0,0.0,568.0,121.6549,28.0,7.8456,4-0
192,J Botha,Player,Right-hand bat,Right-arm offbreak,409.0,34.0,20.0,20.4500,67.0,4.0,1.0,0.0,364.0,112.3626,27.0,6.6695,3-0
193,C Nanda,Player,Right-hand bat,Legbreak,0.0,3.0,1.0,0.0000,0.0,0.0,0.0,0.0,1.0,0.0000,2.0,6.8750,1-0
194,SL Malinga,Player,Right-hand bat,Right-arm fast,81.0,98.0,16.0,5.0625,17.0,0.0,0.0,0.0,100.0,81.0000,159.0,6.2304,5-0
195,Mashrafe Mortaza,Player,Right-hand bat,Right-arm fast-medium,2.0,1.0,,,2.0,0.0,0.0,0.0,2.0,100.0000,1.0,12.4615,1-0
196,A Singh,Player,Right-hand bat,Right-arm medium-fast,2.0,23.0,4.0,0.5000,1.0,0.0,0.0,0.0,10.0,20.0000,31.0,7.5218,4-0
197,GJ Bailey,Captain,Right-hand bat,Right-arm medium,663.0,40.0,27.0,24.5556,61.0,7.0,2.0,0.0,552.0,120.1087,,,
198,AB McDonald,Player,Right-hand bat,Right-arm fast-medium,123.0,9.0,4.0,30.7500,33.0,1.0,0.0,0.0,101.0,121.7822,13.0,8.2971,4-2
199,Y Nagar,Player,Right-hand bat,Right-arm offbreak,285.0,25.0,14.0,20.3571,44.0,1.0,0.0,0.0,271.0,105.1661,4.0,9.8873,2-0
200,SS Shaikh,Keeper,Right-hand bat,Right-arm medium,6.0,2.0,1.0,6.0000,6.0,0.0,0.0,0.0,7.0,85.7143,,,
201,R Ashwin,Player,Right-hand bat,Right-arm offbreak,229.0,109.0,21.0,10.9048,29.0,0.0,0.0,0.0,241.0,95.0207,110.0,6.2690,5-0
202,Mohammad Ashraful,Player,Right-hand bat,Right-arm offbreak,2.0,1.0,1.0,2.0000,2.0,0.0,0.0,0.0,12.0,16.6667,,,
203,CA Pujara,Player,Right-hand bat,Legbreak,390.0,30.0,19.0,20.5263,51.0,4.0,1.0,0.0,403.0,96.7742,,,
204,OA Shah,Player,Right-hand bat,Right-arm offbreak,506.0,23.0,15.0,33.7333,76.0,6.0,4.0,0.0,405.0,124.9383,,,
205,Anirudh Singh,Player,Left-hand bat,Right-arm medium,63.0,5.0,4.0,15.7500,40.0,1.0,0.0,0.0,69.0,91.3043,,,
206,Jaskaran Singh,Player,Right-hand bat,Right-arm medium,8.0,8.0,1.0,8.0000,4.0,0.0,0.0,0.0,11.0,72.7273,6.0,9.1698,2-0
207,AP Tare,Player,Right-hand bat,Right-arm medium,321.0,32.0,21.0,15.2857,59.0,2.0,1.0,0.0,260.0,123.4615,,,
208,AT Rayudu,Player,Right-hand bat,Right-arm offbreak,2325.0,109.0,84.0,27.6786,81.0,32.0,13.0,0.0,1884.0,123.4076,,,
209,R Sathish,Player,Right-hand bat,Right-arm medium,270.0,34.0,17.0,15.8824,27.0,0.0,0.0,0.0,236.0,114.4068,6.0,9.7986,2-0
210,R McLaren,Player,Left-hand bat,Right-arm medium-fast,159.0,18.0,8.0,19.8750,51.0,2.0,1.0,0.0,178.0,89.3258,14.0,8.6908,3-1
211,AA Jhunjhunwala,Player,Right-hand bat,Right-arm offbreak,217.0,21.0,13.0,16.6923,53.0,2.0,1.0,0.0,218.0,99.5413,1.0,8.8941,1-0
212,P Dogra,Player,Right-hand bat,Legbreak,127.0,13.0,11.0,11.5455,41.0,1.0,0.0,0.0,141.0,90.0709,,,
213,A Uniyal,Player,Left-hand bat,Left-arm medium,4.0,2.0,1.0,4.0000,4.0,0.0,0.0,0.0,7.0,57.1429,3.0,10.6667,3-0
214,MS Bisla,Keeper,Right-hand bat,Right-arm medium,788.0,37.0,36.0,21.8889,92.0,6.0,4.0,0.0,719.0,109.5967,,,
215,YA Abdulla,Player,Left-hand bat,Left-arm fast-medium,0.0,11.0,,,0.0,0.0,0.0,0.0,1.0,0.0000,15.0,8.4000,4-0
216,EJG Morgan,Player,Left-hand bat,Right-arm medium,789.0,48.0,36.0,21.9167,66.0,10.0,4.0,0.0,663.0,119.0045,,,
217,JM Kemp,Player,Right-hand bat,Right-arm fast-medium,26.0,4.0,2.0,13.0000,22.0,0.0,0.0,0.0,25.0,104.0000,3.0,7.1163,3-0
218,S Tyagi,Player,Right-hand bat,Right-arm medium,3.0,14.0,1.0,3.0000,3.0,0.0,0.0,0.0,4.0,75.0000,6.0,8.0377,2-0
219,RS Gavaskar,Player,Left-hand bat,Slow left-arm orthodox,2.0,2.0,1.0,2.0000,2.0,0.0,0.0,0.0,8.0,25.0000,,8.0000,
220,SE Bond,Player,Right-hand bat,Right-arm fast,1.0,8.0,1.0,1.0000,1.0,0.0,0.0,0.0,2.0,50.0000,9.0,7.0323,2-0
221,KA Pollard,Player,Right-hand bat,Right-arm medium-fast,1959.0,106.0,68.0,28.8088,78.0,22.0,9.0,0.0,1380.0,141.9565,67.0,8.1390,4-0
222,S Ladda,Player,Right-hand bat,Legbreak,0.0,9.0,1.0,0.0000,0.0,0.0,0.0,0.0,10.0,0.0000,5.0,9.5396,2-0
223,DP Nannes,Player,Right-hand bat,Left-arm fast,4.0,29.0,1.0,4.0000,3.0,0.0,0.0,0.0,13.0,30.7692,38.0,6.7546,4-1
224,MJ Lumb,Player,Left-hand bat,Right-arm medium,278.0,12.0,12.0,23.1667,83.0,4.0,1.0,0.0,198.0,140.4040,,,
225,DR Martyn,Player,Right-hand bat,Right-arm medium,19.0,1.0,1.0,19.0000,19.0,0.0,0.0,0.0,26.0,73.0769,,,
226,S Narwal,Player,Left-hand bat,Right-arm medium,37.0,7.0,3.0,12.3333,23.0,0.0,0.0,0.0,29.0,127.5862,6.0,11.0377,4-0
227,AB Barath,Player,Right-hand bat,Right-arm offbreak,42.0,3.0,2.0,21.0000,33.0,1.0,0.0,0.0,43.0,97.6744,,,
228,Bipul Sharma,Player,Left-hand bat,Slow left-arm orthodox,156.0,26.0,7.0,22.2857,35.0,1.0,0.0,0.0,99.0,157.5758,19.0,7.8182,2-0
229,FY Fazal,Player,Left-hand bat,Right-arm medium,183.0,12.0,10.0,18.3000,45.0,3.0,0.0,0.0,179.0,102.2346,1.0,10.0000,1-1
230,AC Voges,Player,Right-hand bat,Slow left-arm orthodox,181.0,9.0,4.0,45.2500,45.0,2.0,0.0,0.0,143.0,126.5734,1.0,8.2222,1-0
231,MD Mishra,Player,Right-hand bat,Right-arm offbreak,237.0,18.0,16.0,14.8125,41.0,2.0,0.0,0.0,213.0,111.2676,,,
232,UT Yadav,Player,Right-hand bat,Right-arm fast-medium,133.0,86.0,12.0,11.0833,24.0,0.0,0.0,0.0,122.0,109.0164,86.0,7.9215,4-0
233,J Theron,Player,Right-hand bat,Right-arm medium-fast,10.0,9.0,1.0,10.0000,7.0,0.0,0.0,0.0,11.0,90.9091,8.0,8.1122,2-0
234,SJ Srivastava,Player,Right-hand bat,Left-arm fast-medium,5.0,13.0,1.0,5.0000,3.0,0.0,0.0,0.0,5.0,100.0000,15.0,8.7396,2-0
235,R Sharma,Player,Right-hand bat,Right-arm offbreak,66.0,43.0,14.0,4.7143,14.0,0.0,0.0,0.0,77.0,85.7143,42.0,6.9805,3-0
236,Mandeep Singh,Player,Right-hand bat,Right-arm medium,897.0,57.0,44.0,20.3864,77.0,10.0,4.0,0.0,739.0,121.3802,,,
237,KM Jadhav,Player,Right-hand bat,Right-arm offbreak,597.0,49.0,25.0,23.8800,63.0,5.0,1.0,0.0,473.0,126.2156,,,
238,SW Tait,Player,Right-hand bat,Right-arm fast,23.0,21.0,3.0,7.6667,11.0,0.0,0.0,0.0,26.0,88.4615,26.0,6.6047,4-0
239,KB Arun Karthik,Keeper,Right-hand bat,Legbreak googly,46.0,15.0,3.0,15.3333,19.0,0.0,0.0,0.0,46.0,100.0000,,,
240,KAJ Roach,Player,Right-hand bat,Right-arm fast,10.0,2.0,1.0,10.0000,10.0,0.0,0.0,0.0,9.0,111.1111,,9.3061,
241,PD Collingwood,Player,Right-hand bat,Right-arm medium,203.0,8.0,5.0,40.6000,75.0,3.0,3.0,0.0,159.0,127.6730,5.0,6.7416,2-0
242,CK Langeveldt,Player,Right-hand bat,Right-arm fast-medium,8.0,7.0,2.0,4.0000,8.0,0.0,0.0,0.0,9.0,88.8889,13.0,6.8025,3-0
243,VS Malik,Player,Right-hand bat,Right-arm medium,7.0,13.0,1.0,7.0000,6.0,0.0,0.0,0.0,7.0,100.0000,6.0,7.3623,2-0
244,A Mithun,Player,Right-hand bat,Right-arm medium,34.0,16.0,5.0,6.8000,11.0,0.0,0.0,0.0,26.0,130.7692,8.0,9.0201,2-0
245,AP Dole,Player,Right-hand bat,Right-arm medium-fast,34.0,3.0,2.0,17.0000,30.0,0.0,0.0,0.0,23.0,147.8261,5.0,9.4030,2-0
246,AN Ahmed,Player,Right-hand bat,Right-arm medium-fast,36.0,17.0,1.0,36.0000,18.0,0.0,0.0,0.0,27.0,133.3333,15.0,8.0287,3-0
247,RS Sodhi,Player,Right-hand bat,Right-arm medium,4.0,3.0,,,4.0,0.0,0.0,0.0,2.0,200.0000,,,
248,DE Bollinger,Player,Left-hand bat,Left-arm fast-medium,21.0,27.0,1.0,21.0000,16.0,0.0,0.0,0.0,23.0,91.3043,43.0,6.8351,4-0
249,S Sriram,Player,Left-hand bat,Slow left-arm orthodox,31.0,2.0,2.0,15.5000,27.0,0.0,0.0,0.0,38.0,81.5789,,16.3333,
250,B Sumanth,Player,Right-hand bat,Right-arm medium-fast,35.0,5.0,1.0,35.0000,16.0,0.0,0.0,0.0,38.0,92.1053,,,
251,C Madan,Keeper,Right-hand bat,Right-arm medium,15.0,1.0,1.0,15.0000,15.0,0.0,0.0,0.0,21.0,71.4286,,,
252,AG Paunikar,Keeper,Right-hand bat,Right-arm medium,49.0,5.0,5.0,9.8000,20.0,0.0,0.0,0.0,61.0,80.3279,,,
253,MR Marsh,Player,Right-hand bat,Right-arm medium,225.0,19.0,12.0,18.7500,38.0,3.0,0.0,0.0,201.0,111.9403,19.0,7.6169,4-0
254,AJ Finch,Player,Right-hand bat,Slow left-arm orthodox,1304.0,52.0,47.0,27.7447,88.0,16.0,9.0,0.0,1080.0,120.7407,1.0,9.2093,1-0
255,STR Binny,Player,Right-hand bat,Right-arm medium,676.0,69.0,32.0,21.1250,48.0,7.0,0.0,0.0,537.0,125.8845,20.0,7.3506,3-0
256,Harmeet Singh,Player,Left-hand bat,Slow left-arm orthodox,18.0,28.0,4.0,4.5000,14.0,0.0,0.0,0.0,12.0,150.0000,31.0,7.4919,3-0
257,IR Jaggi,Player,Right-hand bat,Legbreak googly,43.0,5.0,4.0,10.7500,25.0,0.0,0.0,0.0,60.0,71.6667,,,
258,DT Christian,Player,Right-hand bat,Right-arm fast-medium,341.0,23.0,18.0,18.9444,39.0,1.0,0.0,0.0,299.0,114.0468,20.0,7.6058,2-0
259,RV Gomez,Player,Right-hand bat,Right-arm medium,50.0,13.0,5.0,10.0000,26.0,0.0,0.0,0.0,53.0,94.3396,6.0,8.0000,2-0
260,MA Agarwal,Player,Right-hand bat,Right-arm medium,781.0,48.0,42.0,18.5952,68.0,10.0,3.0,0.0,655.0,119.2366,,,
261,AUK Pathan,Player,Right-hand bat,Right-arm medium,39.0,8.0,5.0,7.8000,14.0,0.0,0.0,0.0,26.0,150.0000,,8.7692,
262,UBT Chand,Player,Right-hand bat,Right-arm offbreak,300.0,21.0,20.0,15.0000,58.0,3.0,1.0,0.0,314.0,95.5414,,,
263,DJ Jacobs,Keeper,Right-hand bat,Right-arm medium,92.0,7.0,7.0,13.1429,32.0,1.0,0.0,0.0,101.0,91.0891,,,
264,Sunny Singh,Player,Right-hand bat,Right-arm medium-fast,43.0,6.0,4.0,10.7500,20.0,0.0,0.0,0.0,31.0,138.7097,,,
265,NJ Rimmington,Player,Right-hand bat,Right-arm fast-medium,1.0,1.0,,,1.0,0.0,0.0,0.0,1.0,100.0000,,6.3333,
266,AL Menaria,Player,Left-hand bat,Slow left-arm orthodox,401.0,29.0,21.0,19.0952,40.0,5.0,0.0,0.0,367.0,109.2643,3.0,7.6364,2-0
267,WD Parnell,Player,Left-hand bat,Left-arm medium-fast,63.0,26.0,9.0,7.0000,16.0,0.0,0.0,0.0,80.0,78.7500,31.0,6.7578,4-1
268,JJ van der Wath,Player,Right-hand bat,Right-arm medium-fast,18.0,3.0,2.0,9.0000,14.0,0.0,0.0,0.0,17.0,105.8824,3.0,10.1351,2-0
269,R Ninan,Player,Right-hand bat,Right-arm offbreak,3.0,2.0,1.0,3.0000,3.0,0.0,0.0,0.0,6.0,50.0000,3.0,10.8333,2-0
270,S Aravind,Player,Left-hand bat,Left-arm medium-fast,27.0,28.0,,,14.0,0.0,0.0,0.0,19.0,142.1053,43.0,7.6846,4-0
271,MS Wade,Player,Left-hand bat,Right-arm medium,11.0,2.0,2.0,5.5000,8.0,0.0,0.0,0.0,13.0,84.6154,,,
272,TD Paine,Keeper,Right-hand bat,Right-arm medium,10.0,2.0,2.0,5.0000,8.0,0.0,0.0,0.0,29.0,34.4828,,,
273,SB Wagh,Player,Left-hand bat,Left-arm medium-fast,2.0,8.0,2.0,1.0000,2.0,0.0,0.0,0.0,3.0,66.6667,5.0,7.7059,3-0
274,AC Thomas,Player,Right-hand bat,Right-arm fast-medium,20.0,14.0,2.0,10.0000,12.0,0.0,0.0,0.0,19.0,105.2632,16.0,7.5548,3-0
275,JEC Franklin,Player,Left-hand bat,Left-arm medium,321.0,20.0,11.0,29.1818,79.0,2.0,1.0,0.0,309.0,103.8835,9.0,8.3613,2-0
276,Shakib Al Hasan,Player,Left-hand bat,Slow left-arm orthodox,468.0,41.0,23.0,20.3478,66.0,4.0,2.0,0.0,379.0,123.4828,47.0,6.9095,3-0
277,DH Yagnik,Keeper,Left-hand bat,Right-arm medium,170.0,25.0,10.0,17.0000,34.0,2.0,0.0,0.0,142.0,119.7183,,,
278,S Randiv,Player,Right-hand bat,Right-arm offbreak,2.0,8.0,1.0,2.0000,2.0,0.0,0.0,0.0,4.0,50.0000,8.0,7.4828,2-0
279,BJ Haddin,Keeper,Right-hand bat,Right-arm medium,18.0,1.0,1.0,18.0000,18.0,0.0,0.0,0.0,11.0,163.6364,,,
280,NLTC Perera,Player,Left-hand bat,Right-arm medium-fast,414.0,36.0,21.0,19.7143,40.0,4.0,0.0,0.0,314.0,131.8471,36.0,8.6294,3-0
281,NL McCullum,Player,Right-hand bat,Right-arm offbreak,26.0,2.0,1.0,26.0000,15.0,0.0,0.0,0.0,23.0,113.0435,,6.8000,
282,JE Taylor,Player,Right-hand bat,Right-arm fast,3.0,5.0,1.0,3.0000,2.0,0.0,0.0,0.0,4.0,75.0000,6.0,7.7288,3-0
283,J Syed Mohammad,Player,Left-hand bat,Slow left-arm orthodox,28.0,10.0,1.0,28.0000,13.0,0.0,0.0,0.0,25.0,112.0000,10.0,8.7692,2-0
284,RN ten Doeschate,Player,Right-hand bat,Right-arm medium-fast,326.0,29.0,14.0,23.2857,70.0,4.0,1.0,0.0,238.0,136.9748,3.0,6.5185,1-0
285,TR Birt,Player,Left-hand bat,Right-arm medium,75.0,5.0,5.0,15.0000,27.0,0.0,0.0,0.0,59.0,127.1186,,,
286,AG Murtaza,Player,Left-hand bat,Slow left-arm orthodox,10.0,12.0,1.0,10.0000,5.0,0.0,0.0,0.0,14.0,71.4286,12.0,6.9091,3-0
287,Harpreet Singh,Player,Left-hand bat,Right-arm medium,20.0,4.0,2.0,10.0000,13.0,0.0,0.0,0.0,26.0,76.9231,,,
288,M Klinger,Player,Right-hand bat,Right-arm medium,73.0,4.0,4.0,18.2500,29.0,0.0,0.0,0.0,78.0,93.5897,,,
289,AC Blizzard,Player,Left-hand bat,Left-arm medium,120.0,7.0,7.0,17.1429,51.0,2.0,1.0,0.0,91.0,131.8681,,,
290,I Malhotra,Player,Right-hand bat,Right-arm medium-fast,7.0,1.0,,,7.0,0.0,0.0,0.0,4.0,175.0000,,23.0000,
291,L Ablish,Player,Right-hand bat,Right-arm medium-fast,0.0,3.0,,,0.0,0.0,0.0,0.0,2.0,0.0000,5.0,10.2857,3-0
292,CA Ingram,Player,Left-hand bat,Legbreak,8.0,2.0,2.0,4.0000,7.0,0.0,0.0,0.0,14.0,57.1429,,,
293,S Nadeem,Player,Right-hand bat,Slow left-arm orthodox,24.0,46.0,9.0,2.6667,6.0,0.0,0.0,0.0,62.0,38.7097,32.0,6.9808,3-0
294,P Parameswaran,Player,Right-hand bat,Left-arm medium,1.0,8.0,,,1.0,0.0,0.0,0.0,3.0,33.3333,9.0,8.3694,3-0
295,CJ Ferguson,Player,Right-hand bat,Right-arm medium,98.0,8.0,6.0,16.3333,23.0,0.0,0.0,0.0,119.0,82.3529,,,
296,VR Aaron,Player,Right-hand bat,Right-arm fast,42.0,34.0,3.0,14.0000,17.0,0.0,0.0,0.0,45.0,93.3333,33.0,8.1388,3-0
297,AA Chavan,Player,Left-hand bat,Slow left-arm orthodox,12.0,13.0,2.0,6.0000,7.0,0.0,0.0,0.0,11.0,109.0909,8.0,7.5118,2-0
298,ND Doshi,Player,Right-hand bat,Slow left-arm orthodox,0.0,4.0,1.0,0.0000,0.0,0.0,0.0,0.0,13.0,0.0000,2.0,8.3571,1-0
299,B Kumar,Player,Right-hand bat,Right-arm medium,154.0,76.0,18.0,8.5556,24.0,0.0,0.0,0.0,156.0,98.7179,89.0,6.7143,4-0
300,Y Gnaneswara Rao,Player,Right-hand bat,Right-arm medium,19.0,2.0,1.0,19.0000,19.0,0.0,0.0,0.0,18.0,105.5556,,7.0000,
301,S Rana,Player,Right-hand bat,Right-arm medium-fast,91.0,10.0,4.0,22.7500,19.0,0.0,0.0,0.0,82.0,110.9756,,6.7500,
302,BA Bhatt,Player,Left-hand bat,Slow left-arm orthodox,6.0,17.0,1.0,6.0000,6.0,0.0,0.0,0.0,7.0,85.7143,13.0,7.8586,4-0
303,F du Plessis,Player,Right-hand bat,Legbreak,1287.0,50.0,42.0,30.6429,73.0,19.0,8.0,0.0,1036.0,124.2278,,16.0000,
304,RE Levi,Player,Right-hand bat,Right-arm medium,83.0,6.0,6.0,13.8333,50.0,1.0,0.0,0.0,74.0,112.1622,,,
305,GJ Maxwell,Player,Right-hand bat,Right-arm offbreak,917.0,42.0,38.0,24.1316,95.0,11.0,6.0,0.0,587.0,156.2181,5.0,9.6176,2-0
306,SPD Smith,Player,Right-hand bat,Legbreak googly,1212.0,51.0,33.0,36.7273,101.0,18.0,3.0,1.0,916.0,132.3144,,15.0000,
307,MN Samuels,Player,Right-hand bat,Right-arm offbreak,132.0,10.0,9.0,14.6667,46.0,2.0,0.0,0.0,142.0,92.9577,10.0,7.2836,3-0
308,SA Yadav,Player,Right-hand bat,Right-arm offbreak,472.0,44.0,21.0,22.4762,60.0,3.0,1.0,0.0,369.0,127.9133,,8.0000,
309,KK Cooper,Player,Right-hand bat,Right-arm medium,116.0,25.0,9.0,12.8889,32.0,1.0,0.0,0.0,70.0,165.7143,36.0,7.4106,4-0
310,JP Faulkner,Player,Right-hand bat,Left-arm fast-medium,470.0,48.0,20.0,23.5000,46.0,5.0,0.0,0.0,340.0,138.2353,59.0,8.1513,5-0
311,HV Patel,Player,Right-hand bat,Right-arm medium,41.0,32.0,8.0,5.1250,10.0,0.0,0.0,0.0,36.0,113.8889,32.0,8.2066,2-0
312,DAJ Bracewell,Player,Right-hand bat,Right-arm fast-medium,12.0,1.0,,,12.0,0.0,0.0,0.0,9.0,133.3333,3.0,7.4400,3-0
313,DJ Harris,Player,Right-hand bat,Right-arm medium,111.0,4.0,4.0,27.7500,47.0,1.0,0.0,0.0,103.0,107.7670,,8.6667,
314,Ankit Sharma,Player,Left-hand bat,Slow left-arm orthodox,62.0,19.0,6.0,10.3333,30.0,0.0,0.0,0.0,53.0,116.9811,12.0,6.8174,2-0
315,SP Narine,Player,Left-hand bat,Right-arm offbreak,46.0,65.0,7.0,6.5714,13.0,0.0,0.0,0.0,56.0,82.1429,97.0,6.0541,5-0
316,GB Hogg,Player,Left-hand bat,Slow left-arm chinaman,22.0,21.0,3.0,7.3333,13.0,0.0,0.0,0.0,22.0,100.0000,25.0,7.1688,4-0
317,RR Bhatkal,Player,Right-hand bat,Right-arm medium,0.0,1.0,1.0,0.0000,0.0,0.0,0.0,0.0,2.0,0.0000,,17.5000,
318,CJ McKay,Player,Right-hand bat,Right-arm fast-medium,8.0,2.0,1.0,8.0000,8.0,0.0,0.0,0.0,15.0,53.3333,1.0,8.5714,1-0
319,N Saini,Keeper,Right-hand bat,Right-arm medium,140.0,10.0,10.0,14.0000,50.0,1.0,0.0,0.0,143.0,97.9021,,,
320,DA Miller,Player,Left-hand bat,Right-arm offbreak,1426.0,60.0,40.0,35.6500,101.0,17.0,8.0,1.0,1022.0,139.5303,,,
321,Azhar Mahmood,Player,Right-hand bat,Right-arm fast-medium,388.0,23.0,19.0,20.4211,80.0,5.0,2.0,0.0,311.0,124.7588,31.0,7.4022,3-0
322,P Negi,Player,Left-hand bat,Slow left-arm orthodox,209.0,29.0,12.0,17.4167,36.0,1.0,0.0,0.0,170.0,122.9412,17.0,8.0924,4-0
323,RJ Peterson,Player,Left-hand bat,Slow left-arm orthodox,32.0,5.0,3.0,10.6667,16.0,0.0,0.0,0.0,32.0,100.0000,3.0,8.7500,3-0
324,KMDN Kulasekara,Player,Right-hand bat,Right-arm fast-medium,5.0,5.0,,,5.0,0.0,0.0,0.0,3.0,166.6667,6.0,6.5094,2-0
325,A Ashish Reddy,Player,Right-hand bat,Right-arm medium,266.0,30.0,14.0,19.0000,36.0,2.0,0.0,0.0,184.0,144.5652,18.0,8.6794,3-0
326,V Pratap Singh,Player,Right-hand bat,Right-arm medium,0.0,9.0,1.0,0.0000,0.0,0.0,0.0,0.0,1.0,0.0000,12.0,8.2180,3-0
327,BB Samantray,Player,Right-hand bat,Right-arm medium,125.0,9.0,5.0,25.0000,55.0,2.0,1.0,0.0,116.0,107.7586,,,
328,MJ Clarke,Player,Right-hand bat,Slow left-arm orthodox,98.0,6.0,6.0,16.3333,41.0,1.0,0.0,0.0,96.0,102.0833,3.0,6.0909,1-0
329,Gurkeerat Singh,Player,Right-hand bat,Right-arm offbreak,342.0,28.0,21.0,16.2857,51.0,2.0,1.0,0.0,280.0,122.1429,5.0,7.1538,2-0
330,AP Majumdar,Player,Right-hand bat,Legbreak googly,87.0,4.0,4.0,21.7500,31.0,1.0,0.0,0.0,77.0,112.9870,,,
331,PA Reddy,Player,Right-hand bat,Legbreak,141.0,11.0,9.0,15.6667,42.0,1.0,0.0,0.0,145.0,97.2414,,,
332,K Upadhyay,Player,Right-hand bat,Right-arm medium,12.0,3.0,,,11.0,0.0,0.0,0.0,9.0,133.3333,,8.7778,
333,P Awana,Player,Right-hand bat,Right-arm medium,5.0,33.0,2.0,2.5000,4.0,0.0,0.0,0.0,14.0,35.7143,43.0,7.8456,4-0
334,AD Russell,Player,Right-hand bat,Right-arm fast,574.0,34.0,22.0,26.0909,66.0,10.0,3.0,0.0,350.0,164.0000,36.0,8.1947,6-1
335,A Chandila,Player,Right-hand bat,Right-arm offbreak,4.0,12.0,,,4.0,0.0,0.0,0.0,7.0,57.1429,11.0,6.2051,4-0
336,CA Lynn,Player,Right-hand bat,Slow left-arm orthodox,89.0,5.0,4.0,22.2500,45.0,1.0,0.0,0.0,85.0,104.7059,,,
337,Sunny Gupta,Player,Right-hand bat,Right-arm offbreak,0.0,1.0,1.0,0.0000,0.0,0.0,0.0,0.0,1.0,0.0000,,14.2105,
338,MC Juneja,Player,Right-hand bat,Right-arm offbreak,108.0,6.0,6.0,18.0000,49.0,1.0,0.0,0.0,116.0,93.1034,,,
339,KK Nair,Player,Right-hand bat,Right-arm offbreak,842.0,37.0,30.0,28.0667,83.0,11.0,6.0,0.0,671.0,125.4844,,,
340,GH Vihari,Player,Right-hand bat,Right-arm offbreak,236.0,21.0,18.0,13.1111,46.0,2.0,0.0,0.0,276.0,85.5072,,6.4000,
341,MDKJ Perera,Keeper,Left-hand bat,Right-arm medium,14.0,2.0,2.0,7.0000,14.0,0.0,0.0,0.0,13.0,107.6923,,,
342,R Shukla,Player,Right-hand bat,Right-arm medium,19.0,7.0,1.0,19.0000,14.0,0.0,0.0,0.0,23.0,82.6087,7.0,9.2093,2-0
343,B Laughlin,Player,Right-hand bat,Right-arm fast-medium,4.0,2.0,1.0,4.0000,4.0,0.0,0.0,0.0,9.0,44.4444,1.0,9.0667,1-0
344,AS Rajpoot,Player,Right-hand bat,Right-arm medium,2.0,6.0,,,2.0,0.0,0.0,0.0,6.0,33.3333,4.0,7.9565,1-0
345,M Vohra,Player,Right-hand bat,Right-arm medium,728.0,34.0,30.0,24.2667,67.0,12.0,2.0,0.0,580.0,125.5172,,,
346,JD Unadkat,Player,Right-hand bat,Left-arm medium,2.0,33.0,1.0,2.0000,1.0,0.0,0.0,0.0,7.0,28.5714,29.0,8.4932,5-0
347,Mohammed Shami,Player,Right-hand bat,Right-arm fast-medium,10.0,23.0,3.0,3.3333,5.0,0.0,0.0,0.0,22.0,45.4545,19.0,8.3312,3-0
348,BMAJ Mendis,Player,Left-hand bat,Legbreak,23.0,3.0,3.0,7.6667,12.0,0.0,0.0,0.0,27.0,85.1852,1.0,7.2000,1-0
349,R Rampaul,Player,Left-hand bat,Right-arm fast-medium,39.0,11.0,5.0,7.8000,23.0,0.0,0.0,0.0,45.0,86.6667,15.0,6.4979,3-0
350,CH Morris,Player,Right-hand bat,Right-arm fast-medium,285.0,38.0,7.0,40.7143,82.0,3.0,1.0,0.0,178.0,160.1124,45.0,7.1472,4-0
351,SV Samson,Keeper,Right-hand bat,Right-arm medium,1015.0,49.0,41.0,24.7561,76.0,13.0,5.0,0.0,868.0,116.9355,,,
352,SMSM Senanayake,Player,Right-hand bat,Right-arm offbreak,10.0,8.0,1.0,10.0000,7.0,0.0,0.0,0.0,17.0,58.8235,9.0,6.4041,2-0
353,BJ Rohrer,Player,Left-hand bat,Right-arm medium,179.0,7.0,5.0,35.8000,64.0,3.0,1.0,0.0,131.0,136.6412,,11.0000,
354,KL Rahul,Player,Right-hand bat,Right-arm medium,713.0,38.0,23.0,31.0000,68.0,9.0,4.0,0.0,580.0,122.9310,,,
355,Q de Kock,Keeper,Left-hand bat,Right-arm medium,657.0,25.0,24.0,27.3750,108.0,10.0,4.0,1.0,526.0,124.9049,,,
356,R Dhawan,Player,Right-hand bat,Right-arm medium-fast,153.0,26.0,7.0,21.8571,25.0,0.0,0.0,0.0,135.0,113.3333,20.0,7.3902,2-0
357,MG Johnson,Player,Left-hand bat,Left-arm fast,118.0,42.0,13.0,9.0769,16.0,0.0,0.0,0.0,132.0,89.3939,52.0,7.6950,3-0
358,LJ Wright,Player,Right-hand bat,Right-arm medium-fast,106.0,7.0,5.0,21.2000,44.0,2.0,0.0,0.0,63.0,168.2540,2.0,10.1408,1-0
359,IC Pandey,Player,Right-hand bat,Right-arm medium,0.0,25.0,1.0,0.0000,0.0,0.0,0.0,0.0,2.0,0.0000,19.0,7.5517,2-0
360,CM Gautam,Keeper,Right-hand bat,Right-arm medium,169.0,13.0,10.0,16.9000,33.0,1.0,0.0,0.0,158.0,106.9620,,,
361,X Thalaivan Sargunam,Player,Right-hand bat,Right-arm offbreak,10.0,1.0,1.0,10.0000,10.0,0.0,0.0,0.0,17.0,58.8235,,,
362,DJG Sammy,Player,Right-hand bat,Right-arm medium-fast,295.0,22.0,15.0,19.6667,60.0,1.0,1.0,0.0,251.0,117.5299,14.0,8.5966,6-2
363,KW Richardson,Player,Right-hand bat,Right-arm fast-medium,36.0,13.0,3.0,12.0000,26.0,0.0,0.0,0.0,39.0,92.3077,18.0,8.2730,4-0
364,MM Sharma,Player,Right-hand bat,Right-arm medium,61.0,61.0,8.0,7.6250,21.0,0.0,0.0,0.0,53.0,115.0943,78.0,7.7706,5-0
365,UA Birla,Player,Right-hand bat,Right-arm medium,7.0,2.0,1.0,7.0000,7.0,0.0,0.0,0.0,15.0,46.6667,,,
366,Parvez Rasool,Player,Right-hand bat,Right-arm offbreak,17.0,11.0,2.0,8.5000,10.0,0.0,0.0,0.0,20.0,85.0000,4.0,8.1212,1-0
367,Sandeep Sharma,Player,Right-hand bat,Right-arm medium,19.0,42.0,1.0,19.0000,7.0,0.0,0.0,0.0,29.0,65.5172,57.0,7.3841,4-0
368,S Kaul,Player,Right-hand bat,Right-arm medium,9.0,11.0,,,7.0,0.0,0.0,0.0,11.0,81.8182,7.0,8.2105,2-0
369,Sachin Baby,Player,Left-hand bat,Right-arm offbreak,122.0,15.0,5.0,24.4000,33.0,1.0,0.0,0.0,89.0,137.0787,3.0,4.8000,2-0
370,PV Tambe,Player,Right-hand bat,Legbreak,18.0,30.0,2.0,9.0000,7.0,0.0,0.0,0.0,39.0,46.1538,25.0,7.4500,4-0
371,NM Coulter-Nile,Player,Right-hand bat,Right-arm fast,38.0,18.0,5.0,7.6000,9.0,0.0,0.0,0.0,40.0,95.0000,23.0,7.1940,4-0
372,CJ Anderson,Player,Left-hand bat,Left-arm medium-fast,379.0,16.0,12.0,31.5833,95.0,5.0,2.0,0.0,284.0,133.4507,5.0,9.5455,2-0
373,NJ Maddinson,Player,Left-hand bat,Slow left-arm orthodox,20.0,3.0,3.0,6.6667,12.0,0.0,0.0,0.0,21.0,95.2381,,,
374,AR Patel,Player,Left-hand bat,Slow left-arm orthodox,367.0,44.0,22.0,16.6818,42.0,4.0,0.0,0.0,316.0,116.1392,44.0,7.2141,4-0
375,JJ Bumrah,Player,Right-hand bat,Right-arm medium,9.0,31.0,1.0,9.0000,6.0,0.0,0.0,0.0,15.0,60.0000,30.0,8.0839,4-1
376,JDS Neesham,Player,Left-hand bat,Right-arm medium,42.0,4.0,3.0,14.0000,22.0,0.0,0.0,0.0,46.0,91.3043,1.0,9.7778,1-0
377,TG Southee,Player,Right-hand bat,Right-arm medium-fast,47.0,25.0,5.0,9.4000,25.0,0.0,0.0,0.0,33.0,142.4242,19.0,7.9375,3-0
378,MA Starc,Player,Left-hand bat,Left-arm fast,96.0,25.0,7.0,13.7143,29.0,0.0,0.0,0.0,98.0,97.9592,39.0,6.6762,4-0
379,BR Dunk,Player,Left-hand bat,Right-arm medium,40.0,3.0,3.0,13.3333,20.0,0.0,0.0,0.0,36.0,111.1111,,,
380,RR Rossouw,Player,Left-hand bat,Right-arm offbreak,53.0,5.0,5.0,10.6000,24.0,0.0,0.0,0.0,51.0,103.9216,,,
381,Shivam Sharma,Player,Right-hand bat,Right-arm offbreak,5.0,4.0,1.0,5.0000,4.0,0.0,0.0,0.0,3.0,166.6667,3.0,7.5625,2-0
382,YS Chahal,Player,Right-hand bat,Legbreak googly,2.0,41.0,,,1.0,0.0,0.0,0.0,3.0,66.6667,55.0,7.7875,4-0
383,LMP Simmons,Player,Right-hand bat,Right-arm medium-fast,942.0,22.0,20.0,47.1000,100.0,15.0,10.0,0.0,762.0,123.6220,1.0,11.3333,1-0
384,VH Zol,Player,Left-hand bat,Right-arm offbreak,29.0,3.0,2.0,14.5000,16.0,0.0,0.0,0.0,26.0,111.5385,,,
385,BCJ Cutting,Player,Right-hand bat,Right-arm fast-medium,73.0,5.0,3.0,24.3333,39.0,1.0,0.0,0.0,43.0,169.7674,7.0,7.2527,2-0
386,Imran Tahir,Player,Right-hand bat,Legbreak googly,18.0,20.0,4.0,4.5000,5.0,0.0,0.0,0.0,23.0,78.2609,31.0,8.2673,4-0
387,BE Hendricks,Player,Left-hand bat,Left-arm fast-medium,1.0,7.0,1.0,1.0000,1.0,0.0,0.0,0.0,3.0,33.3333,11.0,8.9007,3-0
388,S Gopal,Player,Right-hand bat,Legbreak,14.0,6.0,2.0,7.0000,11.0,0.0,0.0,0.0,27.0,51.8519,7.0,7.9826,2-0
389,M de Lange,Player,Right-hand bat,Right-arm fast,1.0,5.0,1.0,1.0000,1.0,0.0,0.0,0.0,2.0,50.0000,6.0,8.4107,3-0
390,R Tewatia,Player,Left-hand bat,Legbreak,16.0,3.0,1.0,16.0000,16.0,0.0,0.0,0.0,13.0,123.0769,3.0,6.4444,2-1
391,JO Holder,Player,Right-hand bat,Right-arm medium-fast,38.0,11.0,5.0,7.6000,16.0,0.0,0.0,0.0,32.0,118.7500,8.0,8.0548,3-0
392,Karanveer Singh,Player,Right-hand bat,Legbreak googly,12.0,9.0,1.0,12.0000,5.0,0.0,0.0,0.0,17.0,70.5882,14.0,9.1765,4-0
393,SS Iyer,Player,Right-hand bat,Legbreak googly,449.0,19.0,18.0,24.9444,83.0,7.0,4.0,0.0,387.0,116.0207,,,
394,DJ Hooda,Player,Right-hand bat,Right-arm offbreak,276.0,29.0,22.0,12.5455,54.0,2.0,1.0,0.0,215.0,128.3721,3.0,7.1921,2-0
395,Anureet Singh,Player,Right-hand bat,Right-arm medium,18.0,17.0,3.0,6.0000,10.0,0.0,0.0,0.0,31.0,58.0645,16.0,8.2455,3-0
396,KS Williamson,Player,Right-hand bat,Right-arm offbreak,155.0,8.0,7.0,22.1429,50.0,2.0,0.0,0.0,155.0,100.0000,,7.0000,
397,SA Abbott,Player,Right-hand bat,Right-arm fast-medium,15.0,2.0,2.0,7.5000,14.0,0.0,0.0,0.0,13.0,115.3846,,11.0000,
398,J Suchith,Player,Left-hand bat,Slow left-arm orthodox,48.0,14.0,1.0,48.0000,34.0,1.0,0.0,0.0,33.0,145.4545,10.0,8.7561,2-0
399,RG More,Player,Right-hand bat,Right-arm medium,2.0,2.0,,,2.0,0.0,0.0,0.0,2.0,100.0000,1.0,9.7714,1-0
400,HH Pandya,Player,Right-hand bat,Right-arm medium-fast,156.0,20.0,12.0,13.0000,61.0,1.0,1.0,0.0,134.0,116.4179,4.0,9.3990,1-0
401,D Wiese,Player,Right-hand bat,Right-arm medium-fast,116.0,13.0,3.0,38.6667,47.0,1.0,0.0,0.0,85.0,136.4706,17.0,8.2588,4-0
402,SN Khan,Player,Right-hand bat,Legbreak,132.0,16.0,6.0,22.0000,35.0,2.0,0.0,0.0,81.0,162.9630,,,
403,MJ McClenaghan,Player,Left-hand bat,Left-arm fast-medium,47.0,26.0,4.0,11.7500,20.0,0.0,0.0,0.0,29.0,162.0690,36.0,7.8050,4-0
404,DJ Muthuswami,Player,Right-hand bat,Right-arm medium,1.0,6.0,1.0,1.0000,1.0,0.0,0.0,0.0,3.0,33.3333,4.0,7.2143,2-0
405,PJ Cummins,Player,Right-hand bat,Right-arm fast,0.0,4.0,1.0,0.0000,0.0,0.0,0.0,0.0,2.0,0.0000,3.0,8.2857,2-0
406,SN Thakur,Player,Right-hand bat,Right-arm medium,7.0,1.0,,,7.0,0.0,0.0,0.0,6.0,116.6667,1.0,12.0000,1-0
407,JC Buttler,Player,Right-hand bat,Right-arm medium,255.0,14.0,11.0,23.1818,41.0,2.0,0.0,0.0,189.0,134.9206,,,
408,CR Brathwaite,Player,Right-hand bat,Right-arm fast-medium,83.0,8.0,6.0,13.8333,34.0,1.0,0.0,0.0,40.0,207.5000,9.0,7.6479,3-0
409,MP Stoinis,Player,Right-hand bat,Right-arm medium,146.0,7.0,4.0,36.5000,52.0,3.0,1.0,0.0,111.0,131.5315,9.0,8.3043,4-0
410,Ishan Kishan,Player,Left-hand bat,Right-arm medium,42.0,5.0,5.0,8.4000,27.0,0.0,0.0,0.0,41.0,102.4390,,,
411,C Munro,Player,Left-hand bat,Right-arm medium-fast,30.0,4.0,3.0,10.0000,16.0,0.0,0.0,0.0,31.0,96.7742,,7.5000,
412,P Sahu,Player,Right-hand bat,Legbreak googly,19.0,5.0,1.0,19.0000,18.0,0.0,0.0,0.0,13.0,146.1538,3.0,8.2286,2-0
413,KH Pandya,Player,Left-hand bat,Slow left-arm orthodox,237.0,12.0,6.0,39.5000,86.0,3.0,1.0,0.0,127.0,186.6142,7.0,7.2193,3-0
414,AD Nath,Player,Right-hand bat,Right-arm medium-fast,20.0,4.0,3.0,6.6667,12.0,0.0,0.0,0.0,27.0,74.0741,,,
415,MJ Guptill,Player,Right-hand bat,Right-arm offbreak,57.0,3.0,3.0,19.0000,48.0,1.0,0.0,0.0,55.0,103.6364,,,
416,KJ Abbott,Player,Right-hand bat,Right-arm fast-medium,13.0,5.0,1.0,13.0000,12.0,0.0,0.0,0.0,8.0,162.5000,2.0,10.5155,1-0
417,TM Head,Player,Left-hand bat,Right-arm offbreak,54.0,3.0,2.0,27.0000,37.0,1.0,0.0,0.0,42.0,128.5714,,,
418,M Ashwin,Player,Right-hand bat,Legbreak googly,0.0,10.0,1.0,0.0000,0.0,0.0,0.0,0.0,1.0,0.0000,7.0,8.2105,3-0
419,NS Naik,Keeper,Right-hand bat,Right-arm medium,23.0,2.0,2.0,11.5000,22.0,0.0,0.0,0.0,33.0,69.6970,,,
420,RR Pant,Player,Left-hand bat,Right-arm medium,198.0,10.0,8.0,24.7500,69.0,3.0,1.0,0.0,155.0,127.7419,,,
421,SW Billings,Player,Right-hand bat,Right-arm medium,88.0,5.0,4.0,22.0000,54.0,1.0,1.0,0.0,66.0,133.3333,,,
422,KC Cariappa,Player,Right-hand bat,Legbreak,13.0,6.0,1.0,13.0000,12.0,0.0,0.0,0.0,11.0,118.1818,4.0,9.6000,2-0
423,PSP Handscomb,Player,Right-hand bat,Right-arm medium,6.0,2.0,1.0,6.0000,6.0,0.0,0.0,0.0,12.0,50.0000,,,
424,Swapnil Singh,Player,Right-hand bat,Slow left-arm orthodox,0.0,1.0,1.0,0.0000,0.0,0.0,0.0,0.0,1.0,0.0000,,9.6667,
425,J Yadav,Player,Right-hand bat,Right-arm offbreak,6.0,7.0,2.0,3.0000,5.0,0.0,0.0,0.0,12.0,50.0000,4.0,6.5217,1-0
426,UT Khawaja,Player,Left-hand bat,Right-arm medium,127.0,6.0,6.0,21.1667,30.0,0.0,0.0,0.0,105.0,120.9524,,,
427,HM Amla,Player,Right-hand bat,Right-arm offbreak,157.0,6.0,6.0,26.1667,96.0,1.0,1.0,0.0,122.0,128.6885,,,
428,F Behardien,Player,Right-hand bat,Right-arm fast-medium,14.0,3.0,2.0,7.0000,9.0,0.0,0.0,0.0,13.0,107.6923,,,
429,BB Sran,Player,Left-hand bat,Left-arm medium,4.0,15.0,,,2.0,0.0,0.0,0.0,4.0,100.0000,14.0,8.1076,3-0
430,A Zampa,Player,Right-hand bat,Legbreak googly,0.0,5.0,1.0,0.0000,0.0,0.0,0.0,0.0,1.0,0.0000,12.0,6.4706,6-0
431,N Rana,Player,Left-hand bat,Right-arm offbreak,104.0,4.0,3.0,34.6667,70.0,1.0,1.0,0.0,78.0,133.3333,,3.0000,
432,S Kaushik,Player,Right-hand bat,Slow left-arm chinaman,0.0,7.0,1.0,0.0000,0.0,0.0,0.0,0.0,1.0,0.0000,6.0,8.1151,3-0
433,ER Dwivedi,Player,Right-hand bat,Right-arm medium,24.0,4.0,2.0,12.0000,19.0,0.0,0.0,0.0,15.0,160.0000,,,
434,CJ Jordan,Player,Right-hand bat,Right-arm fast-medium,3.0,9.0,1.0,3.0000,3.0,0.0,0.0,0.0,4.0,75.0000,13.0,8.5059,4-0
435,P Amarnath,Player,Right-hand bat,Right-arm medium,,6.0,,,,,,,,,7.0,10.7273,2-0
436,B Geeves,Player,Right-hand bat,Right-arm fast-medium,,2.0,,,,,,,,,2.0,10.7500,1-0
437,Gagandeep Singh,Player,Right-hand bat,Right-arm medium-fast,,4.0,,,,,,,,,3.0,10.0714,1-0
438,A Nel,Player,Right-hand bat,Right-arm fast-medium,,1.0,1.0,,,,,,,,1.0,10.3333,1-0
439,AM Salvi,Player,Right-hand bat,Right-arm medium,,7.0,,,,,,,,,7.0,7.6000,2-0
440,RR Bose,Player,Right-hand bat,Right-arm fast-medium,,1.0,,,,,,,,,,12.0000,
441,SS Sarkar,Player,Right-hand bat,Right-arm medium,,2.0,,,,,,,,,1.0,8.1600,1-0
442,RA Shaikh,Player,Left-hand bat,Left-arm medium,,1.0,,,,,,,,,,11.0000,
443,C Ganapathy,Player,Right-hand bat,Right-arm medium,,1.0,,,,,,,,,,13.0000,
444,MB Parmar,Player,Right-hand bat,Right-arm offbreak,,1.0,,,,,,,,,,10.6667,
445,AA Kazi,Player,Left-hand bat,Slow left-arm orthodox,,1.0,,,,,,,,,1.0,10.0000,1-0
446,Anand Rajan,Player,Right-hand bat,Right-arm medium,,8.0,,,,,,,,,10.0,7.2774,4-1
447,P Prasanth,Player,Left-hand bat,Slow left-arm orthodox,,1.0,,,,,,,,,,18.0000,
448,SS Mundhe,,Right-hand bat,Right-arm medium,,,,,,,,,,,,,
449,RW Price,Player,Right-hand bat,Slow left-arm orthodox,,1.0,,,,,,,,,,11.0000,
450,TP Sudhindra,Player,Left-hand bat,Right-arm fast,,3.0,,,,,,,,,1.0,10.7027,1-0
451,BW Hilfenhaus,Player,Right-hand bat,Right-arm fast-medium,,17.0,,,,,,,,,23.0,7.2031,3-0
452,S Badree,Player,Right-hand bat,Legbreak,,5.0,,,,,,,,,2.0,6.7706,1-0
453,P Suyal,Player,Right-hand bat,Left-arm medium,,5.0,,,,,,,,,2.0,8.4000,1-0
454,MG Neser,Player,Right-hand bat,Right-arm medium,,1.0,,,,,,,,,,14.6400,
455,V Shankar,Player,Right-hand bat,Right-arm medium,,1.0,,,,,,,,,,19.0000,
456,K Santokie,Player,Left-hand bat,Left-arm medium,,2.0,,,,,,,,,3.0,10.8750,2-0
457,JW Hastings,Player,Right-hand bat,Right-arm fast-medium,,3.0,,,,,,,,,3.0,6.4068,2-0
458,TA Boult,Player,Right-hand bat,Left-arm fast-medium,,8.0,,,,,,,,,11.0,8.0937,3-0
459,GS Sandhu,Player,Left-hand bat,Right-arm fast-medium,,2.0,,,,,,,,,1.0,10.2500,1-0
460,Mustafizur Rahman,Player,Left-hand bat,Left-arm fast-medium,,16.0,,,,,,,,,19.0,6.7377,3-0
461,AF Milne,Player,Right-hand bat,Right-arm fast,,1.0,,,,,,,,,1.0,9.5000,1-0
462,Kuldeep Yadav,Player,Left-hand bat,Slow left-arm chinaman,,3.0,,,,,,,,,7.0,7.8333,3-0
463,T Shamsi,Player,Right-hand bat,Slow left-arm chinaman,,4.0,,,,,,,,,3.0,9.1875,1-0
464,SM Boland,Player,Right-hand bat,Right-arm fast-medium,,2.0,,,,,,,,,3.0,7.5714,3-1
465,DL Chahar,Player,Right-hand bat,Right-arm medium,,2.0,,,,,,,,,,7.6000,
466,P Dharmani,Player,Right-hand bat,Right-arm medium,,1.0,,,,,,,,,,,
467,RV Pawar,Player,Left-hand bat,Slow left-arm orthodox,,1.0,,,,,,,,,,,
468,KH Devdhar,Keeper,Right-hand bat,Right-arm medium,,1.0,,,,,,,,,,,
469,T Mishra,Player,Right-hand bat,Right-arm fast-medium,,1.0,,,,,,,,,,,
