director_id,director_name,movie_count,average_inter_movie_duration,average_rating,total_votes,min_rating,max_rating,total_movie_duration
nm1777967,A.L. Vijay,5,1,5.42,1754,3.7,6.9,613
nm2096009,Andrew Jones,5,1,3.02,1989,2.7,3.2,432
nm0814469,Sion Sono,4,1,6.025,2972,5.4,6.4,502
nm0001752,Steven Soderbergh,4,1,6.475,171684,6.2,7.0,401
nm0425364,Jesse V. Johnson,4,1,5.45,14778,4.2,6.5,383
nm6356309,Özgür Bakar,4,0,3.75,1092,3.1,4.9,374
nm0831321,Chris Stokes,4,1,4.325,3664,4.0,4.6,352
nm2691863,Justin Price,4,1,4.5,5343,3.0,5.8,346
nm0515005,Sam Liu,4,1,6.225,28557,5.8,6.7,312
